manifest	5f751eb5ef61c8f24448838ecb18c5c30d6bde5eb39e777566787c2757a4b83f	-
	.eslintrc.cjs	100644	b12a296b8e02f131c6d1e39d1f35588a1db04c117e6b38122f7f9135b5f2cb16
	.prettierrc.json	100644	01abb8a246f3b055328684a5d3c61a9249dd89694a9efbf27283b33eb2cf25d1
	index.html	100644	bc4889736f05b1e6f76c25584b2b10b710d6bcba1056a9da327c5fc0ec676b9f
	package.json	100644	d4ff6bbfb482665bb0535a5f3e1210bd4efa9e2cfac82afa4afec60c060a2fb9
	src/app/app.tsx	100644	fce61ab819da9ac617e30593f9b84160cfb86ba69c3f9a6a5e7bb677c13c49e4
	src/app/application-orchestrator.ts	100644	dc6530460c8a0317f56a07bef51fcb9d501f7ff0ecb84912fcc0be67cdc7afb2
	src/app/use-app-state.ts	100644	b87488372fb6e616147a92bf2803026a1dc79c9fc34cbcd4db3a1fa6d17800eb
	src/data/progress-store.test.ts	100644	8d8f82cd7242e10f80fc0dbc8786fb65093c52e1a52c92bd07ab1cc63734cfa2
	src/data/progress-store.ts	100644	d52f309bfc6dbd13e5d1262068a35c84235f3bcd4e5abb988de4992c3d9cbb96
	src/data/scenario-loader.test.ts	100644	d358bd00042f8d58149d987a66b5e997b7cae2b171c0647617d9120ebd3646d5
	src/data/scenario-loader.ts	100644	1e12d50618cdcf9ded87930c3b2fa0224020bad968b7f04d648016c463c6f0f3
	src/data/schema.test.ts	100644	5192917a038f69a0428e865dbd939b459f1532e8266bb17622e04f42ce3a42d5
	src/data/schema.ts	100644	d792f7450738def6e795073a8554fa27792990564377cc81ca8ce1f2319e6040
	src/domain/adoption-sheet-composer.test.ts	100644	2b6b0b702d73be6e8e60160488e2a7c7c10969041b76ab55b5935bbd211db5d1
	src/domain/adoption-sheet-composer.ts	100644	c09c91df75be48bb8b70272149732edcc1054a48feccfd79f2adf04bc42c97d3
	src/domain/approval-semantics.ts	100644	ef81726bad3bb2fa25c1af91985e180036007f5fee20c3c39ba3eb53b1e31a87
	src/domain/decision-effect-rules.ts	100644	5dacb6b42c44c1c1aa7540e8c129c9ea109d57419e176bd180b3fe1ce762362c
	src/domain/dimension-evaluator.test.ts	100644	ab6fbdcb5c1e1fcbbdb57f1fb6486fd0108259f14e203512a75d003598832461
	src/domain/dimension-evaluator.ts	100644	00de05937a059b0235b841a6aad9a2a4533840de8dda1203a45bf06137bccd03
	src/domain/entities.ts	100644	4929e1c3084ac7f4fc06c88a58ff04e8b338116e9f89a96b8a5132596c156931
	src/domain/errors.ts	100644	a432aff8ce004a4ebb90e235feaa2d876e620beac312c1daee8655445a5af60b
	src/domain/experience-policy.test.ts	100644	c8e2f30eef4267b76abd729d91d1d2a2410521eb5d3408aecf476eb163862cd1
	src/domain/experience-policy.ts	100644	543714eacf95a27ed4218e1286a92cb5da1e9a03abb9b53893745093da8ba910
	src/domain/result-model.ts	100644	194aa43d0859f2098fb5148cfe6c81f8f0775e5eb447ec312c849876b89a963d
	src/domain/scenario-progression.test.ts	100644	14c70b93f3e42624cb25ba1730631d93b5afd96de8f5205696c483c9f3f37460
	src/domain/scenario-progression.ts	100644	e6898af4a5d236f1f58ee75e29459968a897b37d979d32541898ca3930c4f863
	src/domain/semantic-id.ts	100644	324318bdac4962287dcdca94f1c656b6ebe89a593299f75fa52b6d878f634fd0
	src/domain/test-fixtures.ts	100644	2c74093b31c208a481060eae374b3f9d3bf85d5c7e362b365315e1d4170b2ebe
	src/i18n/locale-resources.test.ts	100644	6dda5570f39a84d43026a59b0fd795ae3fb4012f73daa6bcfa396ec008628c2c
	src/i18n/locale-resources.ts	100644	045f39c8a83c3afeefd0a244b6daef3720d17fa8e6e621502662d4506ceb28ad
	src/i18n/messages.ts	100644	53a29fc3888f365736c02e7aab37cbce52f2332120bbdf4c819ad16745b28e8d
	src/main.tsx	100644	d61bc76515467b94780270f93b08cb95803d5f44044aa8f6adf6ce2517d04a7b
	src/scenarios/core-e2e.json	100644	b2c54f73e60e6a719329f60c7ac597d8f821ca8e74af433e300953d3a8ad48ab
	src/scenarios/core-e2e.locale.ts	100644	18030061b39e6bc5e53ce7e742a90c75fea276539f1ca1fe63fcdde71381d506
	src/scenarios/focus-evidence.json	100644	8df01ba79101ff96f3af4eddf8150c9921dcef687c4606e32580af24fa3a0ac0
	src/scenarios/focus-evidence.locale.ts	100644	7c7058ed44ec5f8205a104324a357b8848bf4200c84d398f8c789f67174f764a
	src/scenarios/index.ts	100644	a6f85b96be12e9345ef31cf47b63fb3424747e62218a35b3aeaebd369b798049
	src/scenarios/scenarios.test.ts	100644	202d994afe190514ccf91b57ef2cccad709f8337a8a4751f6c65308d3cf42331
	src/test-setup.ts	100644	b10e4d7cd56067124b2bab50a3e997a8e0fe1675dfea9401f19818601f5f7715
	src/ui/app-views.test.tsx	100644	eb277dec12d1bccccaa9ce9f3a25beb4b9d0f7390b29d53ea7c597c4d42e2d07
	src/ui/app-views.tsx	100644	1ed8c096953d4aa2f10b8b7cdf3f8a941c89e2343a3cc10d3d3bac91d2af4d45
	src/ui/error-boundary.tsx	100644	20afbc4bd1d3a7dd8d746e52db76aff2477d4adfa764cbc5b31a1686c5ee96db
	src/ui/provenance-badge.tsx	100644	d2b843b2cbfdc57e42c40f2fea3fcdcd80548a9029414ab1ed0a2f990ac258fa
	src/ui/styles.css	100644	260207cb2539c7e3938468b18ff11f4dd66b661d521e8786ffb7b71b917da866
	src/vitest-axe.d.ts	100644	9a2fc946fa40c9511587d0c39c4f4f361bb82cc27e56b16bd8bbbd062875f5bf
	tsconfig.json	100644	dd885c48076f506a2ad1730c9014ba84a7ccc79726cedc6e971d813f194dc92b
	vite.config.ts	100644	22ee1a1b73a6301b8a3413661e55761cdea4a5a96621ac65596edbdafd68eecb
	vitest.config.ts	100644	2de506a296f0655e04713a467497094db933978cfac5b6146a7c1a499a4c40e3
